id,date,inning,half,seq,batting_team,fielding_team,batter_id,pitcher_id,result,outs_before,outs_after,bases_before,bases_after,runs_scored_on_play,error_on_play,ball_speed
0,20250310,1,1,1,1,2,4,31,좌전안타,0,0,0,1,0,0,132
1,20250310,1,1,2,1,2,12,32,희생번트,0,1,1,10,0,0,130
2,20250310,1,1,3,1,2,17,28,우익수 뜬공,1,2,10,10,0,0,134
3,20250310,1,1,4,1,2,15,22,중전 적시타,2,2,10,1,1,0,125
4,20250310,1,1,5,1,2,14,24,삼진,2,3,1,0,0,0,129
5,20250310,1,2,1,2,1,21,10,볼넷,0,0,0,1,0,0,105
6,20250310,1,2,2,2,1,33,3,유격수 병살타,0,2,1,0,0,0,102
7,20250310,1,2,3,2,1,33,19,삼진,2,3,0,0,0,0,87
8,20250310,2,1,1,1,2,6,31,사구,0,0,0,1,0,0,135
9,20250310,2,1,2,1,2,19,25,중전안타,0,0,1,11,0,0,140
10,20250310,2,1,3,1,2,15,35,유격수 실책 출루,0,0,11,111,0,1,102
11,20250310,2,1,4,1,2,2,31,밀어내기 볼넷,0,0,111,111,1,0,95
12,20250310,2,1,5,1,2,2,31,2타점 중전안타,0,0,111,11,2,0,119
13,20250310,2,1,6,1,2,4,32,유격수 병살타,0,2,11,100,0,0,121
14,20250310,2,1,7,1,2,4,24,삼진,2,3,100,0,0,0,139
15,20250310,2,2,1,2,1,31,14,좌전안타,0,0,0,1,0,0,127
16,20250310,2,2,2,2,1,31,10,삼진,0,1,1,1,0,0,91
17,20250310,2,2,3,2,1,21,1,좌중간 적시2루타,1,1,1,10,1,0,79
18,20250310,2,2,4,2,1,36,10,3루 땅볼,1,2,10,100,0,0,72
19,20250310,2,2,5,2,1,26,0,우익수 희생플라이,2,3,100,0,1,0,74
20,20250310,3,1,1,1,2,4,32,볼넷,0,0,0,1,0,0,138
21,20250310,3,1,2,1,2,3,31,우전안타,0,0,1,101,0,0,96
22,20250310,3,1,3,1,2,8,38,적시 내야안타,0,0,101,11,1,0,95
23,20250310,3,1,4,1,2,11,36,좌익선상 2루타,0,0,11,10,2,0,97
24,20250310,3,1,5,1,2,8,27,우전안타,0,0,10,1,1,0,74
25,20250310,3,1,6,1,2,18,30,중견수 희생플라이,0,1,101,1,1,0,82
26,20250310,3,1,7,1,2,6,37,좌전안타,1,1,1,11,0,0,107
27,20250310,3,1,8,1,2,5,34,3루수 실책 출루,1,1,11,111,0,1,96
28,20250310,3,1,9,1,2,3,32,2타점 우전안타,1,1,111,101,2,0,87
29,20250310,3,1,10,1,2,11,28,유격수 땅볼,1,2,101,1,1,0,135
30,20250310,3,1,11,1,2,4,33,삼진,2,3,1,0,0,0,98
31,20250310,3,2,1,2,1,30,16,중전안타,0,0,0,1,0,0,108
32,20250310,3,2,2,2,1,34,11,볼넷,0,0,1,11,0,0,72
33,20250310,3,2,3,2,1,26,4,중전 적시타,0,0,11,11,1,0,125
34,20250310,3,2,4,2,1,27,7,좌중간 2타점 2루타,0,0,11,10,2,0,103
35,20250310,3,2,5,2,1,23,12,삼진,0,1,10,10,0,0,122
36,20250310,3,2,6,2,1,39,1,유격수 땅볼,1,2,10,100,0,0,118
37,20250310,3,2,7,2,1,38,12,중견수 뜬공,2,3,100,0,0,0,120
38,20250317,1,1,1,3,4,48,71,중견수 뜬공,0,1,0,0,0,0,73
39,20250317,1,1,2,3,4,50,71,삼진,1,2,0,0,0,0,97
40,20250317,1,1,3,3,4,53,71,유격수 땅볼,2,3,0,0,0,0,82
41,20250317,1,2,1,4,3,63,40,중전안타,0,0,0,1,0,0,129
42,20250317,1,2,2,4,3,67,40,유격수 땅볼,0,1,1,10,0,0,75
43,20250317,1,2,3,4,3,72,40,중전안타,1,1,10,101,0,0,79
44,20250317,1,2,4,4,3,65,40,유격수 땅볼,1,2,101,10,1,0,117
45,20250317,1,2,5,4,3,76,40,유격수 땅볼,2,3,10,100,0,0,140
46,20250317,2,1,1,3,4,49,71,볼넷,0,0,0,1,0,0,109
47,20250317,2,1,2,3,4,44,71,삼진,0,1,1,1,0,0,101
48,20250317,2,1,3,3,4,41,71,우익선상 3루타,1,1,1,100,1,0,93
49,20250317,2,1,4,3,4,52,71,좌월 홈런,1,1,100,0,2,0,101
50,20250317,2,1,5,3,4,56,71,유격수 땅볼,1,2,0,0,0,0,87
51,20250317,2,1,6,3,4,46,71,유격수 땅볼,2,3,0,0,0,0,134
52,20250317,2,2,1,4,3,69,40,유격수 땅볼,0,1,0,0,0,0,85
53,20250317,2,2,2,4,3,70,40,삼진,1,2,0,0,0,0,129
54,20250317,2,2,3,4,3,68,40,중견수 뜬공,2,3,0,0,0,0,109
55,20250317,3,1,1,3,4,48,71,유격수 땅볼,0,1,0,0,0,0,136
56,20250317,3,1,2,3,4,50,71,볼넷,1,1,0,1,0,0,106
57,20250317,3,1,3,3,4,53,71,좌월 홈런,1,1,1,0,2,0,110
58,20250317,3,1,4,3,4,49,71,볼넷,1,1,0,1,0,0,138
59,20250317,3,1,5,3,4,44,71,유격수 땅볼,1,2,1,10,0,0,118
60,20250317,3,1,6,3,4,41,71,중전안타,2,2,10,101,0,0,124
61,20250317,3,1,7,3,4,52,71,삼진,2,3,101,101,0,0,107
62,20250317,3,2,1,4,3,78,40,중견수 뜬공,0,1,0,0,0,0,131
63,20250317,3,2,2,4,3,63,40,삼진,1,2,0,0,0,0,114
64,20250317,3,2,3,4,3,67,40,볼넷,2,2,0,1,0,0,136
65,20250317,3,2,4,4,3,72,40,좌월 홈런,2,2,1,0,2,0,116
66,20250317,3,2,5,4,3,65,40,유격수 땅볼,2,3,0,0,0,0,119
67,20250317,4,1,1,3,4,56,71,삼진,0,1,0,0,0,0,75
68,20250317,4,1,2,3,4,46,71,유격수 땅볼,1,2,0,0,0,0,71
69,20250317,4,1,3,3,4,48,71,유격수 땅볼,2,3,0,0,0,0,78
70,20250317,4,2,1,4,3,76,40,유격수 땅볼,0,1,0,0,0,0,74
71,20250317,4,2,2,4,3,69,40,볼넷,1,1,0,1,0,0,70
72,20250317,4,2,3,4,3,70,40,중전안타,1,1,1,11,0,0,76
73,20250317,4,2,4,4,3,68,40,삼진,1,2,11,11,0,0,128
74,20250317,4,2,5,4,3,78,40,유격수 땅볼,2,3,11,101,0,0,71
75,20250317,5,1,1,3,4,50,71,유격수 땅볼,0,1,0,0,0,0,84
76,20250317,5,1,2,3,4,53,71,유격수 땅볼,1,2,0,0,0,0,137
77,20250317,5,1,3,3,4,49,71,중전안타,2,2,0,1,0,0,81
78,20250317,5,1,4,3,4,44,71,유격수 땅볼,2,3,1,1,0,0,71
79,20250317,5,2,1,4,3,63,41,좌월 홈런,0,0,0,0,1,0,98
80,20250317,5,2,2,4,3,67,41,유격수 땅볼,0,1,0,0,0,0,105
81,20250317,5,2,3,4,3,72,41,중견수 뜬공,1,2,0,0,0,0,131
82,20250317,5,2,4,4,3,65,41,중견수 뜬공,2,3,0,0,0,0,116
83,20250317,6,1,1,3,4,41,60,유격수 땅볼,0,1,0,0,0,0,138
84,20250317,6,1,2,3,4,52,60,삼진,1,2,0,0,0,0,97
85,20250317,6,1,3,3,4,56,60,삼진,2,3,0,0,0,0,122
86,20250317,6,2,1,4,3,76,41,볼넷,0,0,0,1,0,0,80
87,20250317,6,2,2,4,3,69,41,볼넷,0,0,1,11,0,0,122
88,20250317,6,2,3,4,3,70,41,유격수 땅볼,0,1,11,110,0,0,115
89,20250317,6,2,4,4,3,68,41,중전안타,1,1,110,101,1,0,126
90,20250317,6,2,5,4,3,78,41,볼넷,1,1,101,111,0,0,82
91,20250317,6,2,6,4,3,63,41,유격수 땅볼,1,2,111,110,1,0,112
92,20250317,6,2,7,4,3,67,41,중견수 뜬공,2,3,110,110,0,0,119
93,20250317,7,1,1,3,4,46,60,유격수 땅볼,0,1,0,0,0,0,133
94,20250317,7,1,2,3,4,48,60,유격수 땅볼,1,2,0,0,0,0,101
95,20250317,7,1,3,3,4,50,60,중전안타,2,2,0,1,0,0,133
96,20250317,7,1,4,3,4,53,60,좌월 홈런,2,2,1,0,2,0,105
97,20250317,7,1,5,3,4,49,60,삼진,2,3,0,0,0,0,129
98,20250317,7,2,1,4,3,72,41,중전안타,0,0,0,1,0,0,137
99,20250317,7,2,2,4,3,65,41,중견수 뜬공,0,1,1,1,0,0,105
100,20250317,7,2,3,4,3,76,41,좌중간 2루타,1,1,1,110,0,0,139
101,20250317,7,2,4,4,3,69,41,삼진,1,2,110,110,0,0,73
102,20250317,7,2,5,4,3,70,41,중견수 뜬공,2,3,110,110,0,0,117
103,20250407,1,1,1,1,3,1,40,볼넷,0,0,0,1,0,0,111
104,20250407,1,1,2,1,3,8,40,좌중간 2루타,0,0,1,110,0,0,127
105,20250407,1,1,3,1,3,12,40,좌중간 2루타,0,0,110,10,2,0,112
106,20250407,1,1,4,1,3,10,40,유격수 땅볼,0,1,10,100,0,0,76
107,20250407,1,1,5,1,3,15,40,유격수 땅볼,1,2,100,0,1,0,77
108,20250407,1,1,6,1,3,4,40,중견수 뜬공,2,3,0,0,0,0,114
109,20250407,1,2,1,3,1,48,9,볼넷,0,0,0,1,0,0,118
110,20250407,1,2,2,3,1,50,9,좌중간 2루타,0,0,1,110,0,0,139
111,20250407,1,2,3,3,1,53,9,삼진,0,1,110,110,0,0,85
112,20250407,1,2,4,3,1,49,9,삼진,1,2,110,110,0,0,136
113,20250407,1,2,5,3,1,44,9,유격수 땅볼,2,3,110,100,0,0,129
114,20250407,2,1,1,1,3,11,40,유격수 땅볼,0,1,0,0,0,0,91
115,20250407,2,1,2,1,3,13,40,볼넷,1,1,0,1,0,0,88
116,20250407,2,1,3,1,3,5,40,좌중간 2루타,1,1,1,110,0,0,73
117,20250407,2,1,4,1,3,1,40,중견수 뜬공,1,2,110,110,0,0,121
118,20250407,2,1,5,1,3,8,40,중전안타,2,2,110,101,1,0,124
119,20250407,2,1,6,1,3,12,40,볼넷,2,2,101,111,0,0,110
120,20250407,2,1,7,1,3,10,40,좌중간 2루타,2,2,111,110,2,0,84
121,20250407,2,1,8,1,3,15,40,좌중간 2루타,2,2,110,10,2,0,88
122,20250407,2,1,9,1,3,4,40,유격수 땅볼,2,3,10,100,0,0,140
123,20250407,2,2,1,3,1,41,9,중전안타,0,0,0,1,0,0,108
124,20250407,2,2,2,3,1,52,9,볼넷,0,0,1,11,0,0,100
125,20250407,2,2,3,3,1,56,9,좌월 홈런,0,0,11,0,3,0,74
126,20250407,2,2,4,3,1,46,9,좌중간 2루타,0,0,0,10,0,0,71
127,20250407,2,2,5,3,1,48,9,중전안타,0,0,10,101,0,0,130
128,20250407,2,2,6,3,1,50,9,삼진,0,1,101,101,0,0,106
129,20250407,2,2,7,3,1,53,9,중전안타,1,1,101,11,1,0,90
130,20250407,2,2,8,3,1,49,9,유격수 실책 출루,1,1,11,11,0,1,118
131,20250407,2,2,9,3,1,44,9,중전안타,1,1,11,111,0,0,72
132,20250407,2,2,10,3,1,41,9,우익선상 3루타,1,1,111,100,3,0,123
133,20250407,2,2,11,3,1,52,9,삼진,1,2,100,100,0,0,84
134,20250407,2,2,12,3,1,56,9,중견수 뜬공,2,3,100,100,0,0,105
135,20250407,3,1,1,1,3,11,40,볼넷,0,0,0,1,0,0,88
136,20250407,3,1,2,1,3,13,40,중전안타,0,0,1,11,0,0,96
137,20250407,3,1,3,1,3,5,40,유격수 땅볼,0,1,11,110,0,0,134
138,20250407,3,1,4,1,3,1,40,유격수 땅볼,1,2,110,100,1,0,130
139,20250407,3,1,5,1,3,8,40,2루수 땅볼,2,3,100,100,0,0,93
140,20250407,3,2,1,3,1,46,9,중견수 뜬공,0,1,0,0,0,0,81
141,20250407,3,2,2,3,1,48,9,볼넷,1,1,0,1,0,0,96
142,20250407,3,2,3,3,1,50,9,삼진,1,2,1,1,0,0,83
143,20250407,3,2,4,3,1,53,9,중견수 뜬공,2,3,1,1,0,0,139
144,20250407,4,1,1,1,3,12,40,중전안타,0,0,0,1,0,0,70
145,20250407,4,1,2,1,3,10,40,유격수 땅볼,0,1,1,10,0,0,90
146,20250407,4,1,3,1,3,15,40,유격수 땅볼,1,2,10,100,0,0,103
147,20250407,4,1,4,1,3,4,40,유격수 땅볼,2,3,100,100,0,0,86
148,20250407,4,2,1,3,1,49,9,중전안타,0,0,0,1,0,0,100
149,20250407,4,2,2,3,1,44,9,삼진,0,1,1,1,0,0,109
150,20250407,4,2,3,3,1,41,9,좌중간 2루타,1,1,1,110,0,0,122
151,20250407,4,2,4,3,1,52,9,삼진,1,2,110,110,0,0,103
152,20250407,4,2,5,3,1,56,9,좌중간 2루타,2,2,110,10,2,0,78
153,20250407,4,2,6,3,1,46,9,유격수 실책 출루,2,2,10,11,0,1,129
154,20250407,4,2,7,3,1,48,9,유격수 땅볼,2,3,11,101,0,0,128
155,20250407,5,1,1,1,3,11,40,좌중간 2루타,0,0,0,10,0,0,96
156,20250407,5,1,2,1,3,13,40,유격수 땅볼,0,1,10,100,0,0,79
157,20250407,5,1,3,1,3,5,40,중전안타,1,1,100,1,1,0,109
158,20250407,5,1,4,1,3,1,40,중견수 뜬공,1,2,1,1,0,0,117
159,20250407,5,1,5,1,3,8,40,중견수 뜬공,2,3,1,1,0,0,85
160,20250407,5,2,1,3,1,50,1,볼넷,0,0,0,1,0,0,96
161,20250407,5,2,2,3,1,53,1,중견수 뜬공,0,1,1,1,0,0,87
162,20250407,5,2,3,3,1,49,1,삼진,1,2,1,1,0,0,126
163,20250407,5,2,4,3,1,44,1,유격수 땅볼,2,3,1,1,0,0,127
164,20250407,6,1,1,1,3,12,41,좌중간 2루타,0,0,0,10,0,0,135
165,20250407,6,1,2,1,3,10,41,중견수 뜬공,0,1,10,10,0,0,134
166,20250407,6,1,3,1,3,15,41,유격수 땅볼,1,2,10,100,0,0,113
167,20250407,6,1,4,1,3,4,41,중전안타,2,2,100,1,1,0,114
168,20250407,6,1,5,1,3,11,41,중전안타,2,2,1,11,0,0,129
169,20250407,6,1,6,1,3,13,41,유격수 땅볼,2,3,11,101,0,0,98
170,20250407,6,2,1,3,1,41,1,삼진,0,1,0,0,0,0,122
171,20250407,6,2,2,3,1,52,1,볼넷,1,1,0,1,0,0,124
172,20250407,6,2,3,3,1,56,1,삼진,1,2,1,1,0,0,121
173,20250407,6,2,4,3,1,46,1,볼넷,2,2,1,11,0,0,128
174,20250407,6,2,5,3,1,48,1,2루수 땅볼,2,3,11,11,0,0,126
175,20250407,7,1,1,1,3,5,41,중전안타,0,0,0,1,0,0,127
176,20250407,7,1,2,1,3,1,41,유격수 땅볼,0,1,1,10,0,0,88
177,20250407,7,1,3,1,3,8,41,중견수 뜬공,1,2,10,10,0,0,109
178,20250407,7,1,4,1,3,12,41,중전안타,2,2,10,101,0,0,140
179,20250407,7,1,5,1,3,10,41,중전안타,2,2,101,11,1,0,136
180,20250407,7,1,6,1,3,15,41,유격수 땅볼,2,3,11,101,0,0,131
181,20250407,7,2,1,3,1,50,1,삼진,0,1,0,0,0,0,90
182,20250407,7,2,2,3,1,53,1,삼진,1,2,0,0,0,0,104
183,20250407,7,2,3,3,1,49,1,삼진,2,3,0,0,0,0,106
184,20250414,1,1,1,2,4,23,71,좌중간 2루타,0,0,0,10,0,0,128
185,20250414,1,1,2,2,4,22,71,중전안타,0,0,10,101,0,0,92
186,20250414,1,1,3,2,4,35,71,좌월 홈런,0,0,101,0,3,0,74
187,20250414,1,1,4,2,4,21,71,중전안타,0,0,0,1,0,0,117
188,20250414,1,1,5,2,4,26,71,중전안타,0,0,1,11,0,0,85
189,20250414,1,1,6,2,4,24,71,우익선상 3루타,0,0,11,100,2,0,98
190,20250414,1,1,7,2,4,33,71,중전안타,0,0,100,1,1,0,103
191,20250414,1,1,8,2,4,39,71,좌월 홈런,0,0,1,0,2,0,88
192,20250414,1,1,9,2,4,31,71,유격수 땅볼,0,1,0,0,0,0,96
193,20250414,1,1,10,2,4,23,71,중전안타,1,1,0,1,0,0,103
194,20250414,1,1,11,2,4,22,71,유격수 땅볼,1,2,1,10,0,0,107
195,20250414,1,1,12,2,4,35,71,중전안타,2,2,10,101,0,0,129
196,20250414,1,1,13,2,4,21,71,유격수 땅볼,2,3,101,101,0,0,132
197,20250414,1,2,1,4,2,63,20,유격수 땅볼,0,1,0,0,0,0,106
198,20250414,1,2,2,4,2,67,20,중견수 뜬공,1,2,0,0,0,0,80
199,20250414,1,2,3,4,2,72,20,중견수 뜬공,2,3,0,0,0,0,100
200,20250414,2,1,1,2,4,26,71,볼넷,0,0,0,1,0,0,104
201,20250414,2,1,2,2,4,24,71,중전안타,0,0,1,11,0,0,80
202,20250414,2,1,3,2,4,33,71,좌월 홈런,0,0,11,0,3,0,89
203,20250414,2,1,4,2,4,39,71,볼넷,0,0,0,1,0,0,87
204,20250414,2,1,5,2,4,31,71,유격수 땅볼,0,1,1,10,0,0,109
205,20250414,2,1,6,2,4,23,71,좌월 홈런,1,1,10,0,2,0,119
206,20250414,2,1,7,2,4,22,71,볼넷,1,1,0,1,0,0,72
207,20250414,2,1,8,2,4,35,71,중전안타,1,1,1,11,0,0,127
208,20250414,2,1,9,2,4,21,71,좌월 홈런,1,1,11,0,3,0,131
209,20250414,2,1,10,2,4,26,71,유격수 땅볼,1,2,0,0,0,0,137
210,20250414,2,1,11,2,4,24,71,유격수 땅볼,2,3,0,0,0,0,86
211,20250414,2,2,1,4,2,65,20,삼진,0,1,0,0,0,0,94
212,20250414,2,2,2,4,2,76,20,유격수 땅볼,1,2,0,0,0,0,80
213,20250414,2,2,3,4,2,69,20,유격수 땅볼,2,3,0,0,0,0,88
214,20250414,3,1,1,2,4,33,71,좌중간 2루타,0,0,0,10,0,0,121
215,20250414,3,1,2,2,4,39,71,삼진,0,1,10,10,0,0,140
216,20250414,3,1,3,2,4,31,71,볼넷,1,1,10,11,0,0,99
217,20250414,3,1,4,2,4,23,71,좌중간 2루타,1,1,11,110,1,0,94
218,20250414,3,1,5,2,4,22,71,중전안타,1,1,110,101,1,0,76
219,20250414,3,1,6,2,4,35,71,유격수 땅볼,1,2,101,10,1,0,113
220,20250414,3,1,7,2,4,21,71,좌중간 2루타,2,2,10,10,1,0,89
221,20250414,3,1,8,2,4,26,71,유격수 땅볼,2,3,10,100,0,0,137
222,20250414,3,2,1,4,2,70,20,볼넷,0,0,0,1,0,0,96
223,20250414,3,2,2,4,2,68,20,볼넷,0,0,1,11,0,0,83
224,20250414,3,2,3,4,2,78,20,볼넷,0,0,11,11,0,0,85
225,20250414,3,2,4,4,2,63,20,삼진,0,1,11,11,0,0,89
226,20250414,3,2,5,4,2,67,20,삼진,1,2,11,11,0,0,103
227,20250414,3,2,6,4,2,72,20,삼진,2,3,11,11,0,0,130
228,20250414,4,1,1,2,4,24,71,중전안타,0,0,0,1,0,0,117
229,20250414,4,1,2,2,4,33,71,중견수 뜬공,0,1,1,1,0,0,93
230,20250414,4,1,3,2,4,39,71,유격수 땅볼,1,2,1,10,0,0,95
231,20250414,4,1,4,2,4,31,71,삼진,2,3,10,10,0,0,121
232,20250414,4,2,1,4,2,65,20,유격수 땅볼,0,1,0,0,0,0,71
233,20250414,4,2,2,4,2,76,20,좌월 홈런,1,1,0,0,1,0,105
234,20250414,4,2,3,4,2,69,20,중전안타,1,1,0,1,0,0,101
235,20250414,4,2,4,4,2,70,20,중전안타,1,1,1,11,0,0,125
236,20250414,4,2,5,4,2,68,20,좌중간 2루타,1,1,11,110,1,0,79
237,20250414,4,2,6,4,2,78,20,볼넷,1,1,110,111,0,0,108
238,20250414,4,2,7,4,2,63,20,중견수 희생플라이,1,2,111,11,1,0,121
239,20250414,4,2,8,4,2,67,20,중견수 뜬공,2,3,11,11,0,0,73
240,20250414,5,1,1,2,4,23,71,유격수 땅볼,0,1,0,0,0,0,77
241,20250414,5,1,2,2,4,22,71,삼진,1,2,0,0,0,0,133
242,20250414,5,1,3,2,4,35,71,좌중간 2루타,2,2,0,10,0,0,98
243,20250414,5,1,4,2,4,21,71,좌중간 2루타,2,2,10,10,1,0,135
244,20250414,5,1,5,2,4,26,71,유격수 땅볼,2,3,10,100,0,0,104
245,20250414,5,2,1,4,2,72,21,유격수 실책 출루,0,0,0,1,0,1,133
246,20250414,5,2,2,4,2,65,21,중전안타,0,0,1,11,0,0,131
247,20250414,5,2,3,4,2,76,21,유격수 병살타,0,2,11,10,0,0,113
248,20250414,5,2,4,4,2,69,21,삼진,2,3,10,10,0,0,74
249,20250414,6,1,1,2,4,24,60,좌중간 2루타,0,0,0,10,0,0,76
250,20250414,6,1,2,2,4,33,60,중전안타,0,0,10,101,0,0,88
251,20250414,6,1,3,2,4,39,60,좌중간 2루타,0,0,101,110,1,0,135
252,20250414,6,1,4,2,4,31,60,중전안타,0,0,110,101,1,0,104
253,20250414,6,1,5,2,4,23,60,중전안타,0,0,101,11,1,0,109
254,20250414,6,1,6,2,4,22,60,유격수 땅볼,0,1,11,110,0,0,90
255,20250414,6,1,7,2,4,35,60,2루수 땅볼,1,2,110,110,0,0,96
256,20250414,6,1,8,2,4,21,60,유격수 땅볼,2,3,110,100,0,0,85
257,20250414,6,2,1,4,2,70,21,중전안타,0,0,0,1,0,0,134
258,20250414,6,2,2,4,2,68,21,유격수 땅볼,0,1,1,10,0,0,74
259,20250414,6,2,3,4,2,78,21,유격수 땅볼,1,2,10,100,0,0,75
260,20250414,6,2,4,4,2,63,21,중견수 뜬공,2,3,100,100,0,0,127
261,20250414,7,1,1,2,4,26,60,중견수 뜬공,0,1,0,0,0,0,106
262,20250414,7,1,2,2,4,24,60,좌중간 2루타,1,1,0,10,0,0,124
263,20250414,7,1,3,2,4,33,60,유격수 땅볼,1,2,10,100,0,0,104
264,20250414,7,1,4,2,4,39,60,중견수 뜬공,2,3,100,100,0,0,82
265,20250414,7,2,1,4,2,67,21,중전안타,0,0,0,1,0,0,82
266,20250414,7,2,2,4,2,72,21,중전안타,0,0,1,11,0,0,72
267,20250414,7,2,3,4,2,65,21,좌월 홈런,0,0,11,0,3,0,110
268,20250414,7,2,4,4,2,76,21,유격수 땅볼,0,1,0,0,0,0,134
269,20250414,7,2,5,4,2,69,21,2루수 땅볼,1,2,0,0,0,0,84
270,20250414,7,2,6,4,2,70,21,볼넷,2,2,0,1,0,0,86
271,20250414,7,2,7,4,2,68,21,볼넷,2,2,1,11,0,0,76
272,20250414,7,2,8,4,2,78,21,삼진,2,3,11,11,0,0,103
273,20250512,1,1,1,1,4,1,71,중전안타,0,0,0,1,0,0,105
274,20250512,1,1,2,1,4,8,71,중전안타,0,0,1,11,0,0,121
275,20250512,1,1,3,1,4,12,71,삼진,0,1,11,11,0,0,85
276,20250512,1,1,4,1,4,10,71,유격수 땅볼,1,2,11,110,0,0,113
277,20250512,1,1,5,1,4,15,71,유격수 땅볼,2,3,110,100,0,0,120
278,20250512,1,2,1,4,1,63,9,볼넷,0,0,0,1,0,0,109
279,20250512,1,2,2,4,1,67,9,중전안타,0,0,1,11,0,0,130
280,20250512,1,2,3,4,1,72,9,볼넷,0,0,11,11,0,0,87
281,20250512,1,2,4,4,1,65,9,볼넷,0,0,11,11,0,0,91
282,20250512,1,2,5,4,1,76,9,중견수 뜬공,0,1,11,11,0,0,88
283,20250512,1,2,6,4,1,69,9,삼진,1,2,11,11,0,0,71
284,20250512,1,2,7,4,1,70,9,유격수 땅볼,2,3,11,101,0,0,107
285,20250512,2,1,1,1,4,4,71,볼넷,0,0,0,1,0,0,75
286,20250512,2,1,2,1,4,11,71,중견수 뜬공,0,1,1,1,0,0,125
287,20250512,2,1,3,1,4,13,71,중견수 뜬공,1,2,1,1,0,0,120
288,20250512,2,1,4,1,4,5,71,볼넷,2,2,1,11,0,0,125
289,20250512,2,1,5,1,4,1,71,중전안타,2,2,11,111,0,0,73
290,20250512,2,1,6,1,4,8,71,삼진,2,3,111,111,0,0,111
291,20250512,2,2,1,4,1,68,9,삼진,0,1,0,0,0,0,140
292,20250512,2,2,2,4,1,78,9,삼진,1,2,0,0,0,0,123
293,20250512,2,2,3,4,1,63,9,삼진,2,3,0,0,0,0,109
294,20250512,3,1,1,1,4,12,71,볼넷,0,0,0,1,0,0,105
295,20250512,3,1,2,1,4,10,71,중전안타,0,0,1,11,0,0,126
296,20250512,3,1,3,1,4,15,71,유격수 실책 출루,0,0,11,11,0,1,124
297,20250512,3,1,4,1,4,4,71,중견수 뜬공,0,1,11,11,0,0,78
298,20250512,3,1,5,1,4,11,71,우익선상 3루타,1,1,11,100,2,0,137
299,20250512,3,1,6,1,4,13,71,중견수 뜬공,1,2,100,100,0,0,117
300,20250512,3,1,7,1,4,5,71,중전안타,2,2,100,1,1,0,110
301,20250512,3,1,8,1,4,1,71,중견수 뜬공,2,3,1,1,0,0,83
302,20250512,3,2,1,4,1,67,9,삼진,0,1,0,0,0,0,115
303,20250512,3,2,2,4,1,72,9,유격수 땅볼,1,2,0,0,0,0,115
304,20250512,3,2,3,4,1,65,9,중전안타,2,2,0,1,0,0,116
305,20250512,3,2,4,4,1,76,9,유격수 땅볼,2,3,1,1,0,0,73
306,20250512,4,1,1,1,4,8,71,중견수 뜬공,0,1,0,0,0,0,98
307,20250512,4,1,2,1,4,12,71,삼진,1,2,0,0,0,0,101
308,20250512,4,1,3,1,4,10,71,삼진,2,3,0,0,0,0,138
309,20250512,4,2,1,4,1,69,9,볼넷,0,0,0,1,0,0,122
310,20250512,4,2,2,4,1,70,9,삼진,0,1,1,1,0,0,116
311,20250512,4,2,3,4,1,68,9,볼넷,1,1,1,11,0,0,139
312,20250512,4,2,4,4,1,78,9,중전안타,1,1,11,111,0,0,139
313,20250512,4,2,5,4,1,63,9,삼진,1,2,111,111,0,0,97
314,20250512,4,2,6,4,1,67,9,2루수 땅볼,2,3,111,111,0,0,132
315,20250512,5,1,1,1,4,15,71,볼넷,0,0,0,1,0,0,93
316,20250512,5,1,2,1,4,4,71,삼진,0,1,1,1,0,0,72
317,20250512,5,1,3,1,4,11,71,유격수 땅볼,1,2,1,10,0,0,106
318,20250512,5,1,4,1,4,13,71,유격수 실책 출루,2,2,10,11,0,1,127
319,20250512,5,1,5,1,4,5,71,유격수 땅볼,2,3,11,101,0,0,126
320,20250512,5,2,1,4,1,72,1,중전안타,0,0,0,1,0,0,118
321,20250512,5,2,2,4,1,65,1,삼진,0,1,1,1,0,0,89
322,20250512,5,2,3,4,1,76,1,중전안타,1,1,1,11,0,0,115
323,20250512,5,2,4,4,1,69,1,중전안타,1,1,11,111,0,0,78
324,20250512,5,2,5,4,1,70,1,중전안타,1,1,111,111,1,0,133
325,20250512,5,2,6,4,1,68,1,유격수 땅볼,1,2,111,110,1,0,86
326,20250512,5,2,7,4,1,78,1,중전안타,2,2,110,101,1,0,117
327,20250512,5,2,8,4,1,63,1,유격수 땅볼,2,3,101,101,0,0,121
328,20250512,6,1,1,1,4,1,60,중전안타,0,0,0,1,0,0,92
329,20250512,6,1,2,1,4,8,60,볼넷,0,0,1,11,0,0,90
330,20250512,6,1,3,1,4,12,60,중전안타,0,0,11,111,0,0,105
331,20250512,6,1,4,1,4,10,60,중전안타,0,0,111,111,1,0,135
332,20250512,6,1,5,1,4,15,60,중견수 뜬공,0,1,111,111,0,0,110
333,20250512,6,1,6,1,4,4,60,중전안타,1,1,111,111,1,0,107
334,20250512,6,1,7,1,4,11,60,유격수 땅볼,1,2,111,110,1,0,99
335,20250512,6,1,8,1,4,13,60,2루수 땅볼,2,3,110,110,0,0,136
336,20250512,6,2,1,4,1,67,1,중견수 뜬공,0,1,0,0,0,0,109
337,20250512,6,2,2,4,1,72,1,좌월 홈런,1,1,0,0,1,0,93
338,20250512,6,2,3,4,1,65,1,유격수 땅볼,1,2,0,0,0,0,125
339,20250512,6,2,4,4,1,76,1,삼진,2,3,0,0,0,0,112
340,20250512,7,1,1,1,4,5,60,유격수 땅볼,0,1,0,0,0,0,138
341,20250512,7,1,2,1,4,1,60,중견수 뜬공,1,2,0,0,0,0,71
342,20250512,7,1,3,1,4,8,60,볼넷,2,2,0,1,0,0,102
343,20250512,7,1,4,1,4,12,60,중전안타,2,2,1,11,0,0,123
344,20250512,7,1,5,1,4,10,60,중전안타,2,2,11,111,0,0,122
345,20250512,7,1,6,1,4,15,60,유격수 실책 출루,2,2,111,111,1,1,112
346,20250512,7,1,7,1,4,4,60,볼넷,2,2,111,111,1,0,95
347,20250512,7,1,8,1,4,11,60,유격수 땅볼,2,3,111,101,0,0,90
348,20250512,7,2,1,4,1,69,1,삼진,0,1,0,0,0,0,108
349,20250512,7,2,2,4,1,70,1,삼진,1,2,0,0,0,0,107
350,20250512,7,2,3,4,1,68,1,중견수 뜬공,2,3,0,0,0,0,111
351,20250519,1,1,1,2,3,23,40,볼넷,0,0,0,1,0,0,89
352,20250519,1,1,2,2,3,22,40,중견수 뜬공,0,1,1,1,0,0,117
353,20250519,1,1,3,2,3,35,40,중전안타,1,1,1,11,0,0,94
354,20250519,1,1,4,2,3,21,40,좌중간 2루타,1,1,11,110,1,0,130
355,20250519,1,1,5,2,3,26,40,중전안타,1,1,110,101,1,0,102
356,20250519,1,1,6,2,3,24,40,중전안타,1,1,101,11,1,0,81
357,20250519,1,1,7,2,3,33,40,중전안타,1,1,11,111,0,0,133
358,20250519,1,1,8,2,3,39,40,중전안타,1,1,111,111,1,0,102
359,20250519,1,1,9,2,3,31,40,삼진,1,2,111,111,0,0,116
360,20250519,1,1,10,2,3,23,40,2루수 땅볼,2,3,111,111,0,0,131
361,20250519,1,2,1,3,2,48,20,유격수 땅볼,0,1,0,0,0,0,135
362,20250519,1,2,2,3,2,50,20,볼넷,1,1,0,1,0,0,127
363,20250519,1,2,3,3,2,53,20,유격수 땅볼,1,2,1,10,0,0,127
364,20250519,1,2,4,3,2,49,20,좌월 홈런,2,2,10,0,2,0,123
365,20250519,1,2,5,3,2,44,20,중전안타,2,2,0,1,0,0,75
366,20250519,1,2,6,3,2,41,20,삼진,2,3,1,1,0,0,136
367,20250519,2,1,1,2,3,22,40,볼넷,0,0,0,1,0,0,93
368,20250519,2,1,2,2,3,35,40,중전안타,0,0,1,11,0,0,74
369,20250519,2,1,3,2,3,21,40,유격수 실책 출루,0,0,11,11,0,1,76
370,20250519,2,1,4,2,3,26,40,중전안타,0,0,11,111,0,0,138
371,20250519,2,1,5,2,3,24,40,유격수 땅볼,0,1,111,110,1,0,90
372,20250519,2,1,6,2,3,33,40,2루수 땅볼,1,2,110,110,0,0,120
373,20250519,2,1,7,2,3,39,40,중전안타,2,2,110,101,1,0,131
374,20250519,2,1,8,2,3,31,40,볼넷,2,2,101,111,0,0,124
375,20250519,2,1,9,2,3,23,40,삼진,2,3,111,111,0,0,116
376,20250519,2,2,1,3,2,52,20,중견수 뜬공,0,1,0,0,0,0,119
377,20250519,2,2,2,3,2,56,20,좌중간 2루타,1,1,0,10,0,0,131
378,20250519,2,2,3,3,2,46,20,좌중간 2루타,1,1,10,10,1,0,70
379,20250519,2,2,4,3,2,48,20,중전안타,1,1,10,101,0,0,117
380,20250519,2,2,5,3,2,50,20,유격수 땅볼,1,2,101,10,1,0,126
381,20250519,2,2,6,3,2,53,20,중견수 뜬공,2,3,10,10,0,0,124
382,20250519,3,1,1,2,3,22,40,볼넷,0,0,0,1,0,0,89
383,20250519,3,1,2,2,3,35,40,유격수 땅볼,0,1,1,10,0,0,127
384,20250519,3,1,3,2,3,21,40,유격수 땅볼,1,2,10,100,0,0,139
385,20250519,3,1,4,2,3,26,40,유격수 땅볼,2,3,100,100,0,0,88
386,20250519,3,2,1,3,2,49,20,좌월 홈런,0,0,0,0,1,0,138
387,20250519,3,2,2,3,2,44,20,유격수 땅볼,0,1,0,0,0,0,131
388,20250519,3,2,3,3,2,41,20,삼진,1,2,0,0,0,0,80
389,20250519,3,2,4,3,2,52,20,중견수 뜬공,2,3,0,0,0,0,126
390,20250519,4,1,1,2,3,24,40,2루수 땅볼,0,1,0,0,0,0,109
391,20250519,4,1,2,2,3,33,40,2루수 땅볼,1,2,0,0,0,0,139
392,20250519,4,1,3,2,3,39,40,삼진,2,3,0,0,0,0,113
393,20250519,4,2,1,3,2,56,20,유격수 땅볼,0,1,0,0,0,0,88
394,20250519,4,2,2,3,2,46,20,중전안타,1,1,0,1,0,0,139
395,20250519,4,2,3,3,2,48,20,중견수 뜬공,1,2,1,1,0,0,73
396,20250519,4,2,4,3,2,50,20,삼진,2,3,1,1,0,0,92
397,20250519,5,1,1,2,3,31,40,삼진,0,1,0,0,0,0,81
398,20250519,5,1,2,2,3,23,40,우익선상 3루타,1,1,0,100,0,0,135
399,20250519,5,1,3,2,3,22,40,유격수 실책 출루,1,1,100,101,0,1,109
400,20250519,5,1,4,2,3,35,40,삼진,1,2,101,101,0,0,111
401,20250519,5,1,5,2,3,21,40,볼넷,2,2,101,111,0,0,114
402,20250519,5,1,6,2,3,26,40,볼넷,2,2,111,111,1,0,73
403,20250519,5,1,7,2,3,24,40,중전안타,2,2,111,111,1,0,92
404,20250519,5,1,8,2,3,33,40,좌중간 2루타,2,2,111,110,2,0,121
405,20250519,5,1,9,2,3,39,40,유격수 땅볼,2,3,110,100,0,0,93
406,20250519,5,2,1,3,2,53,21,2루수 땅볼,0,1,0,0,0,0,103
407,20250519,5,2,2,3,2,49,21,유격수 땅볼,1,2,0,0,0,0,76
408,20250519,5,2,3,3,2,44,21,유격수 땅볼,2,3,0,0,0,0,126
409,20250519,6,1,1,2,3,31,41,볼넷,0,0,0,1,0,0,98
410,20250519,6,1,2,2,3,23,41,유격수 땅볼,0,1,1,10,0,0,134
411,20250519,6,1,3,2,3,22,41,유격수 실책 출루,1,1,10,11,0,1,101
412,20250519,6,1,4,2,3,35,41,중전안타,1,1,11,111,0,0,71
413,20250519,6,1,5,2,3,21,41,중전안타,1,1,111,111,1,0,121
414,20250519,6,1,6,2,3,26,41,볼넷,1,1,111,111,1,0,90
415,20250519,6,1,7,2,3,24,41,중전안타,1,1,111,111,1,0,109
416,20250519,6,1,8,2,3,33,41,삼진,1,2,111,111,0,0,87
417,20250519,6,1,9,2,3,39,41,유격수 땅볼,2,3,111,101,0,0,83
418,20250519,6,2,1,3,2,41,21,중견수 뜬공,0,1,0,0,0,0,70
419,20250519,6,2,2,3,2,52,21,중전안타,1,1,0,1,0,0,116
420,20250519,6,2,3,3,2,56,21,삼진,1,2,1,1,0,0,130
421,20250519,6,2,4,3,2,46,21,2루수 땅볼,2,3,1,1,0,0,111
422,20250519,7,1,1,2,3,31,41,2루수 땅볼,0,1,0,0,0,0,77
423,20250519,7,1,2,2,3,23,41,유격수 땅볼,1,2,0,0,0,0,102
424,20250519,7,1,3,2,3,22,41,유격수 땅볼,2,3,0,0,0,0,102
425,20250519,7,2,1,3,2,48,21,볼넷,0,0,0,1,0,0,116
426,20250519,7,2,2,3,2,50,21,삼진,0,1,1,1,0,0,136
427,20250519,7,2,3,3,2,53,21,볼넷,1,1,1,11,0,0,116
428,20250519,7,2,4,3,2,49,21,좌월 홈런,1,1,11,0,3,0,106
429,20250519,7,2,5,3,2,44,21,중견수 뜬공,1,2,0,0,0,0,130
430,20250519,7,2,6,3,2,41,21,볼넷,2,2,0,1,0,0,112
431,20250519,7,2,7,3,2,52,21,중전안타,2,2,1,11,0,0,71
432,20250519,7,2,8,3,2,56,21,중전안타,2,2,11,111,0,0,81
433,20250519,7,2,9,3,2,46,21,중전안타,2,2,111,111,1,0,75
434,20250519,7,2,10,3,2,48,21,유격수 실책 출루,2,2,111,111,1,1,124
435,20250519,7,2,11,3,2,50,21,볼넷,2,2,111,111,1,0,112
436,20250519,7,2,12,3,2,53,21,좌월 홈런,2,2,111,0,4,0,106
437,20250519,7,2,13,3,2,49,21,볼넷,2,2,0,1,0,0,133
438,20250519,7,2,14,3,2,44,21,삼진,2,3,1,1,0,0,99
439,20250609,1,1,1,1,2,4,31,좌전안타,0,0,0,1,0,0,124
440,20250609,1,1,2,1,2,12,32,희생번트,0,1,1,10,0,0,110
441,20250609,1,1,3,1,2,17,28,우익수 뜬공,1,2,10,10,0,0,116
442,20250609,1,1,4,1,2,15,22,중전 적시타,2,2,10,1,1,0,103
443,20250609,1,1,5,1,2,14,24,삼진,2,3,1,0,0,0,105
444,20250609,1,2,1,2,1,21,10,볼넷,0,0,0,1,0,0,108
445,20250609,1,2,2,2,1,33,3,유격수 병살타,0,2,1,0,0,0,127
446,20250609,1,2,3,2,1,33,19,삼진,2,3,0,0,0,0,87
447,20250609,2,1,1,1,2,6,31,사구,0,0,0,1,0,0,98
448,20250609,2,1,2,1,2,19,25,중전안타,0,0,1,11,0,0,111
449,20250609,2,1,3,1,2,15,35,유격수 실책 출루,0,0,11,111,0,1,84
450,20250609,2,1,4,1,2,2,31,밀어내기 볼넷,0,0,111,111,1,0,135
451,20250609,2,1,5,1,2,2,31,2타점 중전안타,0,0,111,11,2,0,139
452,20250609,2,1,6,1,2,4,32,유격수 병살타,0,2,11,100,0,0,75
453,20250609,2,1,7,1,2,4,24,삼진,2,3,100,0,0,0,110
454,20250609,2,2,1,2,1,31,14,좌전안타,0,0,0,1,0,0,121
455,20250609,2,2,2,2,1,31,10,삼진,0,1,1,1,0,0,117
456,20250609,2,2,3,2,1,21,1,좌중간 적시2루타,1,1,1,10,1,0,113
457,20250609,2,2,4,2,1,36,10,3루 땅볼,1,2,10,100,0,0,70
458,20250609,2,2,5,2,1,26,0,우익수 희생플라이,2,3,100,0,1,0,107
459,20250609,3,1,1,1,2,4,32,볼넷,0,0,0,1,0,0,137
460,20250609,3,1,2,1,2,3,31,우전안타,0,0,1,101,0,0,103
461,20250609,3,1,3,1,2,8,38,적시 내야안타,0,0,101,11,1,0,113
462,20250609,3,1,4,1,2,11,36,좌익선상 2루타,0,0,11,10,2,0,109
463,20250609,3,1,5,1,2,8,27,우전안타,0,0,10,1,1,0,81
464,20250609,3,1,6,1,2,18,30,중견수 희생플라이,0,1,101,1,1,0,101
465,20250609,3,1,7,1,2,6,37,좌전안타,1,1,1,11,0,0,120
466,20250609,3,1,8,1,2,5,34,3루수 실책 출루,1,1,11,111,0,1,92
467,20250609,3,1,9,1,2,3,32,2타점 우전안타,1,1,111,101,2,0,80
468,20250609,3,1,10,1,2,11,28,유격수 땅볼,1,2,101,1,1,0,84
469,20250609,3,1,11,1,2,4,33,삼진,2,3,1,0,0,0,121
470,20250609,3,2,1,2,1,30,16,중전안타,0,0,0,1,0,0,112
471,20250609,3,2,2,2,1,34,11,볼넷,0,0,1,11,0,0,73
472,20250609,3,2,3,2,1,26,4,중전 적시타,0,0,11,11,1,0,101
473,20250609,3,2,4,2,1,27,7,좌중간 2타점 2루타,0,0,11,10,2,0,105
474,20250609,3,2,5,2,1,23,12,삼진,0,1,10,10,0,0,118
475,20250609,3,2,6,2,1,39,1,유격수 땅볼,1,2,10,100,0,0,104
476,20250609,3,2,7,2,1,38,12,중견수 뜬공,2,3,100,0,0,0,119
477,20250616,1,1,1,3,4,48,71,중견수 뜬공,0,1,0,0,0,0,107
478,20250616,1,1,2,3,4,50,71,삼진,1,2,0,0,0,0,126
479,20250616,1,1,3,3,4,53,71,유격수 땅볼,2,3,0,0,0,0,128
480,20250616,1,2,1,4,3,63,40,중전안타,0,0,0,1,0,0,70
481,20250616,1,2,2,4,3,67,40,유격수 땅볼,0,1,1,10,0,0,94
482,20250616,1,2,3,4,3,72,40,중전안타,1,1,10,101,0,0,91
483,20250616,1,2,4,4,3,65,40,유격수 땅볼,1,2,101,10,1,0,71
484,20250616,1,2,5,4,3,76,40,유격수 땅볼,2,3,10,100,0,0,100
485,20250616,2,1,1,3,4,49,71,볼넷,0,0,0,1,0,0,105
486,20250616,2,1,2,3,4,44,71,삼진,0,1,1,1,0,0,116
487,20250616,2,1,3,3,4,41,71,우익선상 3루타,1,1,1,100,1,0,98
488,20250616,2,1,4,3,4,52,71,좌월 홈런,1,1,100,0,2,0,113
489,20250616,2,1,5,3,4,56,71,유격수 땅볼,1,2,0,0,0,0,84
490,20250616,2,1,6,3,4,46,71,유격수 땅볼,2,3,0,0,0,0,123
491,20250616,2,2,1,4,3,69,40,유격수 땅볼,0,1,0,0,0,0,85
492,20250616,2,2,2,4,3,70,40,삼진,1,2,0,0,0,0,81
493,20250616,2,2,3,4,3,68,40,중견수 뜬공,2,3,0,0,0,0,79
494,20250616,3,1,1,3,4,48,71,유격수 땅볼,0,1,0,0,0,0,99
495,20250616,3,1,2,3,4,50,71,볼넷,1,1,0,1,0,0,119
496,20250616,3,1,3,3,4,53,71,좌월 홈런,1,1,1,0,2,0,84
497,20250616,3,1,4,3,4,49,71,볼넷,1,1,0,1,0,0,96
498,20250616,3,1,5,3,4,44,71,유격수 땅볼,1,2,1,10,0,0,94
499,20250616,3,1,6,3,4,41,71,중전안타,2,2,10,101,0,0,105
500,20250616,3,1,7,3,4,52,71,삼진,2,3,101,101,0,0,90
501,20250616,3,2,1,4,3,78,40,중견수 뜬공,0,1,0,0,0,0,112
502,20250616,3,2,2,4,3,63,40,삼진,1,2,0,0,0,0,74
503,20250616,3,2,3,4,3,67,40,볼넷,2,2,0,1,0,0,136
504,20250616,3,2,4,4,3,72,40,좌월 홈런,2,2,1,0,2,0,71
505,20250616,3,2,5,4,3,65,40,유격수 땅볼,2,3,0,0,0,0,116
506,20250616,4,1,1,3,4,56,71,삼진,0,1,0,0,0,0,101
507,20250616,4,1,2,3,4,46,71,유격수 땅볼,1,2,0,0,0,0,87
508,20250616,4,1,3,3,4,48,71,유격수 땅볼,2,3,0,0,0,0,90
509,20250616,4,2,1,4,3,76,40,유격수 땅볼,0,1,0,0,0,0,116
510,20250616,4,2,2,4,3,69,40,볼넷,1,1,0,1,0,0,117
511,20250616,4,2,3,4,3,70,40,중전안타,1,1,1,11,0,0,85
512,20250616,4,2,4,4,3,68,40,삼진,1,2,11,11,0,0,112
513,20250616,4,2,5,4,3,78,40,유격수 땅볼,2,3,11,101,0,0,130
514,20250616,5,1,1,3,4,50,71,유격수 땅볼,0,1,0,0,0,0,139
515,20250616,5,1,2,3,4,53,71,유격수 땅볼,1,2,0,0,0,0,117
516,20250616,5,1,3,3,4,49,71,중전안타,2,2,0,1,0,0,120
517,20250616,5,1,4,3,4,44,71,유격수 땅볼,2,3,1,1,0,0,82
518,20250616,5,2,1,4,3,63,41,좌월 홈런,0,0,0,0,1,0,73
519,20250616,5,2,2,4,3,67,41,유격수 땅볼,0,1,0,0,0,0,73
520,20250616,5,2,3,4,3,72,41,중견수 뜬공,1,2,0,0,0,0,138
521,20250616,5,2,4,4,3,65,41,중견수 뜬공,2,3,0,0,0,0,97
522,20250616,6,1,1,3,4,41,60,유격수 땅볼,0,1,0,0,0,0,131
523,20250616,6,1,2,3,4,52,60,삼진,1,2,0,0,0,0,134
524,20250616,6,1,3,3,4,56,60,삼진,2,3,0,0,0,0,83
525,20250616,6,2,1,4,3,76,41,볼넷,0,0,0,1,0,0,128
526,20250616,6,2,2,4,3,69,41,볼넷,0,0,1,11,0,0,140
527,20250616,6,2,3,4,3,70,41,유격수 땅볼,0,1,11,110,0,0,72
528,20250616,6,2,4,4,3,68,41,중전안타,1,1,110,101,1,0,128
529,20250616,6,2,5,4,3,78,41,볼넷,1,1,101,111,0,0,87
530,20250616,6,2,6,4,3,63,41,유격수 땅볼,1,2,111,110,1,0,100
531,20250616,6,2,7,4,3,67,41,중견수 뜬공,2,3,110,110,0,0,94
532,20250616,7,1,1,3,4,46,60,유격수 땅볼,0,1,0,0,0,0,70
533,20250616,7,1,2,3,4,48,60,유격수 땅볼,1,2,0,0,0,0,99
534,20250616,7,1,3,3,4,50,60,중전안타,2,2,0,1,0,0,108
535,20250616,7,1,4,3,4,53,60,좌월 홈런,2,2,1,0,2,0,81
536,20250616,7,1,5,3,4,49,60,삼진,2,3,0,0,0,0,91
537,20250616,7,2,1,4,3,72,41,중전안타,0,0,0,1,0,0,110
538,20250616,7,2,2,4,3,65,41,중견수 뜬공,0,1,1,1,0,0,119
539,20250616,7,2,3,4,3,76,41,좌중간 2루타,1,1,1,110,0,0,140
540,20250616,7,2,4,4,3,69,41,삼진,1,2,110,110,0,0,84
541,20250616,7,2,5,4,3,70,41,중견수 뜬공,2,3,110,110,0,0,139
542,20250811,1,1,1,1,3,1,40,볼넷,0,0,0,1,0,0,133
543,20250811,1,1,2,1,3,8,40,좌중간 2루타,0,0,1,110,0,0,93
544,20250811,1,1,3,1,3,12,40,좌중간 2루타,0,0,110,10,2,0,86
545,20250811,1,1,4,1,3,10,40,유격수 땅볼,0,1,10,100,0,0,122
546,20250811,1,1,5,1,3,15,40,유격수 땅볼,1,2,100,0,1,0,112
547,20250811,1,1,6,1,3,4,40,중견수 뜬공,2,3,0,0,0,0,132
548,20250811,1,2,1,3,1,48,9,볼넷,0,0,0,1,0,0,93
549,20250811,1,2,2,3,1,50,9,좌중간 2루타,0,0,1,110,0,0,133
550,20250811,1,2,3,3,1,53,9,삼진,0,1,110,110,0,0,107
551,20250811,1,2,4,3,1,49,9,삼진,1,2,110,110,0,0,95
552,20250811,1,2,5,3,1,44,9,유격수 땅볼,2,3,110,100,0,0,101
553,20250811,2,1,1,1,3,11,40,유격수 땅볼,0,1,0,0,0,0,125
554,20250811,2,1,2,1,3,13,40,볼넷,1,1,0,1,0,0,113
555,20250811,2,1,3,1,3,5,40,좌중간 2루타,1,1,1,110,0,0,138
556,20250811,2,1,4,1,3,1,40,중견수 뜬공,1,2,110,110,0,0,77
557,20250811,2,1,5,1,3,8,40,중전안타,2,2,110,101,1,0,72
558,20250811,2,1,6,1,3,12,40,볼넷,2,2,101,111,0,0,101
559,20250811,2,1,7,1,3,10,40,좌중간 2루타,2,2,111,110,2,0,123
560,20250811,2,1,8,1,3,15,40,좌중간 2루타,2,2,110,10,2,0,93
561,20250811,2,1,9,1,3,4,40,유격수 땅볼,2,3,10,100,0,0,79
562,20250811,2,2,1,3,1,41,9,중전안타,0,0,0,1,0,0,92
563,20250811,2,2,2,3,1,52,9,볼넷,0,0,1,11,0,0,96
564,20250811,2,2,3,3,1,56,9,좌월 홈런,0,0,11,0,3,0,80
565,20250811,2,2,4,3,1,46,9,좌중간 2루타,0,0,0,10,0,0,123
566,20250811,2,2,5,3,1,48,9,중전안타,0,0,10,101,0,0,71
567,20250811,2,2,6,3,1,50,9,삼진,0,1,101,101,0,0,127
568,20250811,2,2,7,3,1,53,9,중전안타,1,1,101,11,1,0,83
569,20250811,2,2,8,3,1,49,9,유격수 실책 출루,1,1,11,11,0,1,123
570,20250811,2,2,9,3,1,44,9,중전안타,1,1,11,111,0,0,106
571,20250811,2,2,10,3,1,41,9,우익선상 3루타,1,1,111,100,3,0,131
572,20250811,2,2,11,3,1,52,9,삼진,1,2,100,100,0,0,114
573,20250811,2,2,12,3,1,56,9,중견수 뜬공,2,3,100,100,0,0,115
574,20250811,3,1,1,1,3,11,40,볼넷,0,0,0,1,0,0,136
575,20250811,3,1,2,1,3,13,40,중전안타,0,0,1,11,0,0,113
576,20250811,3,1,3,1,3,5,40,유격수 땅볼,0,1,11,110,0,0,88
577,20250811,3,1,4,1,3,1,40,유격수 땅볼,1,2,110,100,1,0,103
578,20250811,3,1,5,1,3,8,40,2루수 땅볼,2,3,100,100,0,0,107
579,20250811,3,2,1,3,1,46,9,중견수 뜬공,0,1,0,0,0,0,122
580,20250811,3,2,2,3,1,48,9,볼넷,1,1,0,1,0,0,100
581,20250811,3,2,3,3,1,50,9,삼진,1,2,1,1,0,0,128
582,20250811,3,2,4,3,1,53,9,중견수 뜬공,2,3,1,1,0,0,88
583,20250811,4,1,1,1,3,12,40,중전안타,0,0,0,1,0,0,108
584,20250811,4,1,2,1,3,10,40,유격수 땅볼,0,1,1,10,0,0,112
585,20250811,4,1,3,1,3,15,40,유격수 땅볼,1,2,10,100,0,0,100
586,20250811,4,1,4,1,3,4,40,유격수 땅볼,2,3,100,100,0,0,123
587,20250811,4,2,1,3,1,49,9,중전안타,0,0,0,1,0,0,103
588,20250811,4,2,2,3,1,44,9,삼진,0,1,1,1,0,0,124
589,20250811,4,2,3,3,1,41,9,좌중간 2루타,1,1,1,110,0,0,98
590,20250811,4,2,4,3,1,52,9,삼진,1,2,110,110,0,0,114
591,20250811,4,2,5,3,1,56,9,좌중간 2루타,2,2,110,10,2,0,91
592,20250811,4,2,6,3,1,46,9,유격수 실책 출루,2,2,10,11,0,1,91
593,20250811,4,2,7,3,1,48,9,유격수 땅볼,2,3,11,101,0,0,134
594,20250811,5,1,1,1,3,11,40,좌중간 2루타,0,0,0,10,0,0,114
595,20250811,5,1,2,1,3,13,40,유격수 땅볼,0,1,10,100,0,0,88
596,20250811,5,1,3,1,3,5,40,중전안타,1,1,100,1,1,0,71
597,20250811,5,1,4,1,3,1,40,중견수 뜬공,1,2,1,1,0,0,85
598,20250811,5,1,5,1,3,8,40,중견수 뜬공,2,3,1,1,0,0,134
599,20250811,5,2,1,3,1,50,1,볼넷,0,0,0,1,0,0,121
600,20250811,5,2,2,3,1,53,1,중견수 뜬공,0,1,1,1,0,0,139
601,20250811,5,2,3,3,1,49,1,삼진,1,2,1,1,0,0,132
602,20250811,5,2,4,3,1,44,1,유격수 땅볼,2,3,1,1,0,0,102
603,20250811,6,1,1,1,3,12,41,좌중간 2루타,0,0,0,10,0,0,94
604,20250811,6,1,2,1,3,10,41,중견수 뜬공,0,1,10,10,0,0,72
605,20250811,6,1,3,1,3,15,41,유격수 땅볼,1,2,10,100,0,0,71
606,20250811,6,1,4,1,3,4,41,중전안타,2,2,100,1,1,0,72
607,20250811,6,1,5,1,3,11,41,중전안타,2,2,1,11,0,0,85
608,20250811,6,1,6,1,3,13,41,유격수 땅볼,2,3,11,101,0,0,95
609,20250811,6,2,1,3,1,41,1,삼진,0,1,0,0,0,0,139
610,20250811,6,2,2,3,1,52,1,볼넷,1,1,0,1,0,0,124
611,20250811,6,2,3,3,1,56,1,삼진,1,2,1,1,0,0,99
612,20250811,6,2,4,3,1,46,1,볼넷,2,2,1,11,0,0,86
613,20250811,6,2,5,3,1,48,1,2루수 땅볼,2,3,11,11,0,0,121
614,20250811,7,1,1,1,3,5,41,중전안타,0,0,0,1,0,0,134
615,20250811,7,1,2,1,3,1,41,유격수 땅볼,0,1,1,10,0,0,117
616,20250811,7,1,3,1,3,8,41,중견수 뜬공,1,2,10,10,0,0,133
617,20250811,7,1,4,1,3,12,41,중전안타,2,2,10,101,0,0,124
618,20250811,7,1,5,1,3,10,41,중전안타,2,2,101,11,1,0,108
619,20250811,7,1,6,1,3,15,41,유격수 땅볼,2,3,11,101,0,0,96
620,20250811,7,2,1,3,1,50,1,삼진,0,1,0,0,0,0,131
621,20250811,7,2,2,3,1,53,1,삼진,1,2,0,0,0,0,79
622,20250811,7,2,3,3,1,49,1,삼진,2,3,0,0,0,0,93
623,20250818,1,1,1,2,4,23,71,좌중간 2루타,0,0,0,10,0,0,94
624,20250818,1,1,2,2,4,22,71,중전안타,0,0,10,101,0,0,106
625,20250818,1,1,3,2,4,35,71,좌월 홈런,0,0,101,0,3,0,113
626,20250818,1,1,4,2,4,21,71,중전안타,0,0,0,1,0,0,100
627,20250818,1,1,5,2,4,26,71,중전안타,0,0,1,11,0,0,135
628,20250818,1,1,6,2,4,24,71,우익선상 3루타,0,0,11,100,2,0,112
629,20250818,1,1,7,2,4,33,71,중전안타,0,0,100,1,1,0,93
630,20250818,1,1,8,2,4,39,71,좌월 홈런,0,0,1,0,2,0,77
631,20250818,1,1,9,2,4,31,71,유격수 땅볼,0,1,0,0,0,0,116
632,20250818,1,1,10,2,4,23,71,중전안타,1,1,0,1,0,0,81
633,20250818,1,1,11,2,4,22,71,유격수 땅볼,1,2,1,10,0,0,79
634,20250818,1,1,12,2,4,35,71,중전안타,2,2,10,101,0,0,81
635,20250818,1,1,13,2,4,21,71,유격수 땅볼,2,3,101,101,0,0,89
636,20250818,1,2,1,4,2,63,20,유격수 땅볼,0,1,0,0,0,0,93
637,20250818,1,2,2,4,2,67,20,중견수 뜬공,1,2,0,0,0,0,87
638,20250818,1,2,3,4,2,72,20,중견수 뜬공,2,3,0,0,0,0,92
639,20250818,2,1,1,2,4,26,71,볼넷,0,0,0,1,0,0,126
640,20250818,2,1,2,2,4,24,71,중전안타,0,0,1,11,0,0,103
641,20250818,2,1,3,2,4,33,71,좌월 홈런,0,0,11,0,3,0,93
642,20250818,2,1,4,2,4,39,71,볼넷,0,0,0,1,0,0,73
643,20250818,2,1,5,2,4,31,71,유격수 땅볼,0,1,1,10,0,0,135
644,20250818,2,1,6,2,4,23,71,좌월 홈런,1,1,10,0,2,0,122
645,20250818,2,1,7,2,4,22,71,볼넷,1,1,0,1,0,0,102
646,20250818,2,1,8,2,4,35,71,중전안타,1,1,1,11,0,0,119
647,20250818,2,1,9,2,4,21,71,좌월 홈런,1,1,11,0,3,0,84
648,20250818,2,1,10,2,4,26,71,유격수 땅볼,1,2,0,0,0,0,81
649,20250818,2,1,11,2,4,24,71,유격수 땅볼,2,3,0,0,0,0,105
650,20250818,2,2,1,4,2,65,20,삼진,0,1,0,0,0,0,135
651,20250818,2,2,2,4,2,76,20,유격수 땅볼,1,2,0,0,0,0,123
652,20250818,2,2,3,4,2,69,20,유격수 땅볼,2,3,0,0,0,0,123
653,20250818,3,1,1,2,4,33,71,좌중간 2루타,0,0,0,10,0,0,98
654,20250818,3,1,2,2,4,39,71,삼진,0,1,10,10,0,0,107
655,20250818,3,1,3,2,4,31,71,볼넷,1,1,10,11,0,0,107
656,20250818,3,1,4,2,4,23,71,좌중간 2루타,1,1,11,110,1,0,127
657,20250818,3,1,5,2,4,22,71,중전안타,1,1,110,101,1,0,74
658,20250818,3,1,6,2,4,35,71,유격수 땅볼,1,2,101,10,1,0,135
659,20250818,3,1,7,2,4,21,71,좌중간 2루타,2,2,10,10,1,0,90
660,20250818,3,1,8,2,4,26,71,유격수 땅볼,2,3,10,100,0,0,86
661,20250818,3,2,1,4,2,70,20,볼넷,0,0,0,1,0,0,113
662,20250818,3,2,2,4,2,68,20,볼넷,0,0,1,11,0,0,96
663,20250818,3,2,3,4,2,78,20,볼넷,0,0,11,11,0,0,77
664,20250818,3,2,4,4,2,63,20,삼진,0,1,11,11,0,0,114
665,20250818,3,2,5,4,2,67,20,삼진,1,2,11,11,0,0,111
666,20250818,3,2,6,4,2,72,20,삼진,2,3,11,11,0,0,85
667,20250818,4,1,1,2,4,24,71,중전안타,0,0,0,1,0,0,97
668,20250818,4,1,2,2,4,33,71,중견수 뜬공,0,1,1,1,0,0,113
669,20250818,4,1,3,2,4,39,71,유격수 땅볼,1,2,1,10,0,0,137
670,20250818,4,1,4,2,4,31,71,삼진,2,3,10,10,0,0,90
671,20250818,4,2,1,4,2,65,20,유격수 땅볼,0,1,0,0,0,0,104
672,20250818,4,2,2,4,2,76,20,좌월 홈런,1,1,0,0,1,0,91
673,20250818,4,2,3,4,2,69,20,중전안타,1,1,0,1,0,0,115
674,20250818,4,2,4,4,2,70,20,중전안타,1,1,1,11,0,0,126
675,20250818,4,2,5,4,2,68,20,좌중간 2루타,1,1,11,110,1,0,133
676,20250818,4,2,6,4,2,78,20,볼넷,1,1,110,111,0,0,81
677,20250818,4,2,7,4,2,63,20,중견수 희생플라이,1,2,111,11,1,0,122
678,20250818,4,2,8,4,2,67,20,중견수 뜬공,2,3,11,11,0,0,115
679,20250818,5,1,1,2,4,23,71,유격수 땅볼,0,1,0,0,0,0,99
680,20250818,5,1,2,2,4,22,71,삼진,1,2,0,0,0,0,124
681,20250818,5,1,3,2,4,35,71,좌중간 2루타,2,2,0,10,0,0,71
682,20250818,5,1,4,2,4,21,71,좌중간 2루타,2,2,10,10,1,0,126
683,20250818,5,1,5,2,4,26,71,유격수 땅볼,2,3,10,100,0,0,98
684,20250818,5,2,1,4,2,72,21,유격수 실책 출루,0,0,0,1,0,1,79
685,20250818,5,2,2,4,2,65,21,중전안타,0,0,1,11,0,0,101
686,20250818,5,2,3,4,2,76,21,유격수 병살타,0,2,11,10,0,0,116
687,20250818,5,2,4,4,2,69,21,삼진,2,3,10,10,0,0,96
688,20250818,6,1,1,2,4,24,60,좌중간 2루타,0,0,0,10,0,0,104
689,20250818,6,1,2,2,4,33,60,중전안타,0,0,10,101,0,0,111
690,20250818,6,1,3,2,4,39,60,좌중간 2루타,0,0,101,110,1,0,94
691,20250818,6,1,4,2,4,31,60,중전안타,0,0,110,101,1,0,72
692,20250818,6,1,5,2,4,23,60,중전안타,0,0,101,11,1,0,101
693,20250818,6,1,6,2,4,22,60,유격수 땅볼,0,1,11,110,0,0,103
694,20250818,6,1,7,2,4,35,60,2루수 땅볼,1,2,110,110,0,0,98
695,20250818,6,1,8,2,4,21,60,유격수 땅볼,2,3,110,100,0,0,119
696,20250818,6,2,1,4,2,70,21,중전안타,0,0,0,1,0,0,123
697,20250818,6,2,2,4,2,68,21,유격수 땅볼,0,1,1,10,0,0,72
698,20250818,6,2,3,4,2,78,21,유격수 땅볼,1,2,10,100,0,0,88
699,20250818,6,2,4,4,2,63,21,중견수 뜬공,2,3,100,100,0,0,117
700,20250818,7,1,1,2,4,26,60,중견수 뜬공,0,1,0,0,0,0,82
701,20250818,7,1,2,2,4,24,60,좌중간 2루타,1,1,0,10,0,0,137
702,20250818,7,1,3,2,4,33,60,유격수 땅볼,1,2,10,100,0,0,122
703,20250818,7,1,4,2,4,39,60,중견수 뜬공,2,3,100,100,0,0,71
704,20250818,7,2,1,4,2,67,21,중전안타,0,0,0,1,0,0,99
705,20250818,7,2,2,4,2,72,21,중전안타,0,0,1,11,0,0,75
706,20250818,7,2,3,4,2,65,21,좌월 홈런,0,0,11,0,3,0,133
707,20250818,7,2,4,4,2,76,21,유격수 땅볼,0,1,0,0,0,0,110
708,20250818,7,2,5,4,2,69,21,2루수 땅볼,1,2,0,0,0,0,91
709,20250818,7,2,6,4,2,70,21,볼넷,2,2,0,1,0,0,124
710,20250818,7,2,7,4,2,68,21,볼넷,2,2,1,11,0,0,78
711,20250818,7,2,8,4,2,78,21,삼진,2,3,11,11,0,0,70
712,20250908,1,1,1,1,4,1,71,중전안타,0,0,0,1,0,0,75
713,20250908,1,1,2,1,4,8,71,중전안타,0,0,1,11,0,0,117
714,20250908,1,1,3,1,4,12,71,삼진,0,1,11,11,0,0,96
715,20250908,1,1,4,1,4,10,71,유격수 땅볼,1,2,11,110,0,0,135
716,20250908,1,1,5,1,4,15,71,유격수 땅볼,2,3,110,100,0,0,76
717,20250908,1,2,1,4,1,63,9,볼넷,0,0,0,1,0,0,89
718,20250908,1,2,2,4,1,67,9,중전안타,0,0,1,11,0,0,71
719,20250908,1,2,3,4,1,72,9,볼넷,0,0,11,11,0,0,84
720,20250908,1,2,4,4,1,65,9,볼넷,0,0,11,11,0,0,71
721,20250908,1,2,5,4,1,76,9,중견수 뜬공,0,1,11,11,0,0,93
722,20250908,1,2,6,4,1,69,9,삼진,1,2,11,11,0,0,131
723,20250908,1,2,7,4,1,70,9,유격수 땅볼,2,3,11,101,0,0,82
724,20250908,2,1,1,1,4,4,71,볼넷,0,0,0,1,0,0,109
725,20250908,2,1,2,1,4,11,71,중견수 뜬공,0,1,1,1,0,0,71
726,20250908,2,1,3,1,4,13,71,중견수 뜬공,1,2,1,1,0,0,134
727,20250908,2,1,4,1,4,5,71,볼넷,2,2,1,11,0,0,126
728,20250908,2,1,5,1,4,1,71,중전안타,2,2,11,111,0,0,91
729,20250908,2,1,6,1,4,8,71,삼진,2,3,111,111,0,0,112
730,20250908,2,2,1,4,1,68,9,삼진,0,1,0,0,0,0,120
731,20250908,2,2,2,4,1,78,9,삼진,1,2,0,0,0,0,70
732,20250908,2,2,3,4,1,63,9,삼진,2,3,0,0,0,0,119
733,20250908,3,1,1,1,4,12,71,볼넷,0,0,0,1,0,0,134
734,20250908,3,1,2,1,4,10,71,중전안타,0,0,1,11,0,0,77
735,20250908,3,1,3,1,4,15,71,유격수 실책 출루,0,0,11,11,0,1,87
736,20250908,3,1,4,1,4,4,71,중견수 뜬공,0,1,11,11,0,0,83
737,20250908,3,1,5,1,4,11,71,우익선상 3루타,1,1,11,100,2,0,124
738,20250908,3,1,6,1,4,13,71,중견수 뜬공,1,2,100,100,0,0,136
739,20250908,3,1,7,1,4,5,71,중전안타,2,2,100,1,1,0,131
740,20250908,3,1,8,1,4,1,71,중견수 뜬공,2,3,1,1,0,0,133
741,20250908,3,2,1,4,1,67,9,삼진,0,1,0,0,0,0,133
742,20250908,3,2,2,4,1,72,9,유격수 땅볼,1,2,0,0,0,0,110
743,20250908,3,2,3,4,1,65,9,중전안타,2,2,0,1,0,0,116
744,20250908,3,2,4,4,1,76,9,유격수 땅볼,2,3,1,1,0,0,107
745,20250908,4,1,1,1,4,8,71,중견수 뜬공,0,1,0,0,0,0,131
746,20250908,4,1,2,1,4,12,71,삼진,1,2,0,0,0,0,135
747,20250908,4,1,3,1,4,10,71,삼진,2,3,0,0,0,0,134
748,20250908,4,2,1,4,1,69,9,볼넷,0,0,0,1,0,0,101
749,20250908,4,2,2,4,1,70,9,삼진,0,1,1,1,0,0,120
750,20250908,4,2,3,4,1,68,9,볼넷,1,1,1,11,0,0,120
751,20250908,4,2,4,4,1,78,9,중전안타,1,1,11,111,0,0,72
752,20250908,4,2,5,4,1,63,9,삼진,1,2,111,111,0,0,78
753,20250908,4,2,6,4,1,67,9,2루수 땅볼,2,3,111,111,0,0,110
754,20250908,5,1,1,1,4,15,71,볼넷,0,0,0,1,0,0,87
755,20250908,5,1,2,1,4,4,71,삼진,0,1,1,1,0,0,85
756,20250908,5,1,3,1,4,11,71,유격수 땅볼,1,2,1,10,0,0,71
757,20250908,5,1,4,1,4,13,71,유격수 실책 출루,2,2,10,11,0,1,113
758,20250908,5,1,5,1,4,5,71,유격수 땅볼,2,3,11,101,0,0,106
759,20250908,5,2,1,4,1,72,1,중전안타,0,0,0,1,0,0,94
760,20250908,5,2,2,4,1,65,1,삼진,0,1,1,1,0,0,109
761,20250908,5,2,3,4,1,76,1,중전안타,1,1,1,11,0,0,132
762,20250908,5,2,4,4,1,69,1,중전안타,1,1,11,111,0,0,91
763,20250908,5,2,5,4,1,70,1,중전안타,1,1,111,111,1,0,99
764,20250908,5,2,6,4,1,68,1,유격수 땅볼,1,2,111,110,1,0,134
765,20250908,5,2,7,4,1,78,1,중전안타,2,2,110,101,1,0,88
766,20250908,5,2,8,4,1,63,1,유격수 땅볼,2,3,101,101,0,0,101
767,20250908,6,1,1,1,4,1,60,중전안타,0,0,0,1,0,0,107
768,20250908,6,1,2,1,4,8,60,볼넷,0,0,1,11,0,0,124
769,20250908,6,1,3,1,4,12,60,중전안타,0,0,11,111,0,0,78
770,20250908,6,1,4,1,4,10,60,중전안타,0,0,111,111,1,0,112
771,20250908,6,1,5,1,4,15,60,중견수 뜬공,0,1,111,111,0,0,122
772,20250908,6,1,6,1,4,4,60,중전안타,1,1,111,111,1,0,96
773,20250908,6,1,7,1,4,11,60,유격수 땅볼,1,2,111,110,1,0,88
774,20250908,6,1,8,1,4,13,60,2루수 땅볼,2,3,110,110,0,0,120
775,20250908,6,2,1,4,1,67,1,중견수 뜬공,0,1,0,0,0,0,132
776,20250908,6,2,2,4,1,72,1,좌월 홈런,1,1,0,0,1,0,102
777,20250908,6,2,3,4,1,65,1,유격수 땅볼,1,2,0,0,0,0,100
778,20250908,6,2,4,4,1,76,1,삼진,2,3,0,0,0,0,133
779,20250908,7,1,1,1,4,5,60,유격수 땅볼,0,1,0,0,0,0,114
780,20250908,7,1,2,1,4,1,60,중견수 뜬공,1,2,0,0,0,0,108
781,20250908,7,1,3,1,4,8,60,볼넷,2,2,0,1,0,0,92
782,20250908,7,1,4,1,4,12,60,중전안타,2,2,1,11,0,0,94
783,20250908,7,1,5,1,4,10,60,중전안타,2,2,11,111,0,0,129
784,20250908,7,1,6,1,4,15,60,유격수 실책 출루,2,2,111,111,1,1,93
785,20250908,7,1,7,1,4,4,60,볼넷,2,2,111,111,1,0,111
786,20250908,7,1,8,1,4,11,60,유격수 땅볼,2,3,111,101,0,0,73
787,20250908,7,2,1,4,1,69,1,삼진,0,1,0,0,0,0,94
788,20250908,7,2,2,4,1,70,1,삼진,1,2,0,0,0,0,128
789,20250908,7,2,3,4,1,68,1,중견수 뜬공,2,3,0,0,0,0,114
790,20250915,1,1,1,2,3,23,40,볼넷,0,0,0,1,0,0,95
791,20250915,1,1,2,2,3,22,40,중견수 뜬공,0,1,1,1,0,0,109
792,20250915,1,1,3,2,3,35,40,중전안타,1,1,1,11,0,0,96
793,20250915,1,1,4,2,3,21,40,좌중간 2루타,1,1,11,110,1,0,127
794,20250915,1,1,5,2,3,26,40,중전안타,1,1,110,101,1,0,120
795,20250915,1,1,6,2,3,24,40,중전안타,1,1,101,11,1,0,86
796,20250915,1,1,7,2,3,33,40,중전안타,1,1,11,111,0,0,74
797,20250915,1,1,8,2,3,39,40,중전안타,1,1,111,111,1,0,97
798,20250915,1,1,9,2,3,31,40,삼진,1,2,111,111,0,0,95
799,20250915,1,1,10,2,3,23,40,2루수 땅볼,2,3,111,111,0,0,98
800,20250915,1,2,1,3,2,48,20,유격수 땅볼,0,1,0,0,0,0,104
801,20250915,1,2,2,3,2,50,20,볼넷,1,1,0,1,0,0,88
802,20250915,1,2,3,3,2,53,20,유격수 땅볼,1,2,1,10,0,0,100
803,20250915,1,2,4,3,2,49,20,좌월 홈런,2,2,10,0,2,0,110
804,20250915,1,2,5,3,2,44,20,중전안타,2,2,0,1,0,0,136
805,20250915,1,2,6,3,2,41,20,삼진,2,3,1,1,0,0,115
806,20250915,2,1,1,2,3,22,40,볼넷,0,0,0,1,0,0,94
807,20250915,2,1,2,2,3,35,40,중전안타,0,0,1,11,0,0,132
808,20250915,2,1,3,2,3,21,40,유격수 실책 출루,0,0,11,11,0,1,120
809,20250915,2,1,4,2,3,26,40,중전안타,0,0,11,111,0,0,135
810,20250915,2,1,5,2,3,24,40,유격수 땅볼,0,1,111,110,1,0,79
811,20250915,2,1,6,2,3,33,40,2루수 땅볼,1,2,110,110,0,0,87
812,20250915,2,1,7,2,3,39,40,중전안타,2,2,110,101,1,0,79
813,20250915,2,1,8,2,3,31,40,볼넷,2,2,101,111,0,0,103
814,20250915,2,1,9,2,3,23,40,삼진,2,3,111,111,0,0,115
815,20250915,2,2,1,3,2,52,20,중견수 뜬공,0,1,0,0,0,0,131
816,20250915,2,2,2,3,2,56,20,좌중간 2루타,1,1,0,10,0,0,113
817,20250915,2,2,3,3,2,46,20,좌중간 2루타,1,1,10,10,1,0,113
818,20250915,2,2,4,3,2,48,20,중전안타,1,1,10,101,0,0,99
819,20250915,2,2,5,3,2,50,20,유격수 땅볼,1,2,101,10,1,0,122
820,20250915,2,2,6,3,2,53,20,중견수 뜬공,2,3,10,10,0,0,117
821,20250915,3,1,1,2,3,22,40,볼넷,0,0,0,1,0,0,108
822,20250915,3,1,2,2,3,35,40,유격수 땅볼,0,1,1,10,0,0,76
823,20250915,3,1,3,2,3,21,40,유격수 땅볼,1,2,10,100,0,0,124
824,20250915,3,1,4,2,3,26,40,유격수 땅볼,2,3,100,100,0,0,117
825,20250915,3,2,1,3,2,49,20,좌월 홈런,0,0,0,0,1,0,114
826,20250915,3,2,2,3,2,44,20,유격수 땅볼,0,1,0,0,0,0,132
827,20250915,3,2,3,3,2,41,20,삼진,1,2,0,0,0,0,97
828,20250915,3,2,4,3,2,52,20,중견수 뜬공,2,3,0,0,0,0,136
829,20250915,4,1,1,2,3,24,40,2루수 땅볼,0,1,0,0,0,0,102
830,20250915,4,1,2,2,3,33,40,2루수 땅볼,1,2,0,0,0,0,86
831,20250915,4,1,3,2,3,39,40,삼진,2,3,0,0,0,0,139
832,20250915,4,2,1,3,2,56,20,유격수 땅볼,0,1,0,0,0,0,77
833,20250915,4,2,2,3,2,46,20,중전안타,1,1,0,1,0,0,133
834,20250915,4,2,3,3,2,48,20,중견수 뜬공,1,2,1,1,0,0,125
835,20250915,4,2,4,3,2,50,20,삼진,2,3,1,1,0,0,97
836,20250915,5,1,1,2,3,31,40,삼진,0,1,0,0,0,0,112
837,20250915,5,1,2,2,3,23,40,우익선상 3루타,1,1,0,100,0,0,131
838,20250915,5,1,3,2,3,22,40,유격수 실책 출루,1,1,100,101,0,1,138
839,20250915,5,1,4,2,3,35,40,삼진,1,2,101,101,0,0,117
840,20250915,5,1,5,2,3,21,40,볼넷,2,2,101,111,0,0,91
841,20250915,5,1,6,2,3,26,40,볼넷,2,2,111,111,1,0,80
842,20250915,5,1,7,2,3,24,40,중전안타,2,2,111,111,1,0,123
843,20250915,5,1,8,2,3,33,40,좌중간 2루타,2,2,111,110,2,0,122
844,20250915,5,1,9,2,3,39,40,유격수 땅볼,2,3,110,100,0,0,138
845,20250915,5,2,1,3,2,53,21,2루수 땅볼,0,1,0,0,0,0,95
846,20250915,5,2,2,3,2,49,21,유격수 땅볼,1,2,0,0,0,0,128
847,20250915,5,2,3,3,2,44,21,유격수 땅볼,2,3,0,0,0,0,73
848,20250915,6,1,1,2,3,31,41,볼넷,0,0,0,1,0,0,135
849,20250915,6,1,2,2,3,23,41,유격수 땅볼,0,1,1,10,0,0,111
850,20250915,6,1,3,2,3,22,41,유격수 실책 출루,1,1,10,11,0,1,135
851,20250915,6,1,4,2,3,35,41,중전안타,1,1,11,111,0,0,118
852,20250915,6,1,5,2,3,21,41,중전안타,1,1,111,111,1,0,113
853,20250915,6,1,6,2,3,26,41,볼넷,1,1,111,111,1,0,115
854,20250915,6,1,7,2,3,24,41,중전안타,1,1,111,111,1,0,98
855,20250915,6,1,8,2,3,33,41,삼진,1,2,111,111,0,0,89
856,20250915,6,1,9,2,3,39,41,유격수 땅볼,2,3,111,101,0,0,128
857,20250915,6,2,1,3,2,41,21,중견수 뜬공,0,1,0,0,0,0,111
858,20250915,6,2,2,3,2,52,21,중전안타,1,1,0,1,0,0,134
859,20250915,6,2,3,3,2,56,21,삼진,1,2,1,1,0,0,94
860,20250915,6,2,4,3,2,46,21,2루수 땅볼,2,3,1,1,0,0,130
861,20250915,7,1,1,2,3,31,41,2루수 땅볼,0,1,0,0,0,0,121
862,20250915,7,1,2,2,3,23,41,유격수 땅볼,1,2,0,0,0,0,98
863,20250915,7,1,3,2,3,22,41,유격수 땅볼,2,3,0,0,0,0,88
864,20250915,7,2,1,3,2,48,21,볼넷,0,0,0,1,0,0,82
865,20250915,7,2,2,3,2,50,21,삼진,0,1,1,1,0,0,118
866,20250915,7,2,3,3,2,53,21,볼넷,1,1,1,11,0,0,112
867,20250915,7,2,4,3,2,49,21,좌월 홈런,1,1,11,0,3,0,111
868,20250915,7,2,5,3,2,44,21,중견수 뜬공,1,2,0,0,0,0,127
869,20250915,7,2,6,3,2,41,21,볼넷,2,2,0,1,0,0,85
870,20250915,7,2,7,3,2,52,21,중전안타,2,2,1,11,0,0,77
871,20250915,7,2,8,3,2,56,21,중전안타,2,2,11,111,0,0,71
872,20250915,7,2,9,3,2,46,21,중전안타,2,2,111,111,1,0,133
873,20250915,7,2,10,3,2,48,21,유격수 실책 출루,2,2,111,111,1,1,94
874,20250915,7,2,11,3,2,50,21,볼넷,2,2,111,111,1,0,80
875,20250915,7,2,12,3,2,53,21,좌월 홈런,2,2,111,0,4,0,94
876,20250915,7,2,13,3,2,49,21,볼넷,2,2,0,1,0,0,84
877,20250915,7,2,14,3,2,44,21,삼진,2,3,1,1,0,0,137